time,seconds_elapsed,z,y,x
1691528152768595000,0.019594970703125,0.09565233107209205,-0.07371873168349266,-0.01506751301139593
1691528152778645000,0.02964501953125,0.07410217804312706,-0.045535424250364304,-0.006423603306710719
1691528152788695000,0.039695068359375,0.037203503104299304,-0.005146715238690376,0.007911065385490655
1691528152798745000,0.0497451171875,0.035776100649684665,0.00817512314915657,-0.0075907473899424075
1691528152808795000,0.059794921875,0.019414163913577795,0.010114566779136656,-0.03787424197271466
1691528152818845000,0.069844970703125,0.017598638924211263,0.025627777731418607,-0.01859086483195424
1691528152828895000,0.07989501953125,0.09558657235950231,0.009324877706170081,0.011215806019306182
1691528152838945000,0.089945068359375,0.12103797061070799,0.05547931063771248,0.053110097288340326
1691528152848995000,0.0999951171875,0.08080664411783219,0.04736147063374519,0.05635200181901454
1691528152859045000,0.110045166015625,0.027442133677005768,0.02431318800151348,0.052608139115571974
1691528152869095200,0.12009521484375,-0.02014364723190665,0.0067740241795778275,0.024499212092906234
1691528152879145200,0.130145263671875,0.0012543839752674102,0.03697217856645584,-0.0440191744685173
1691528152889195000,0.140195068359375,-0.009389905766397715,0.07473404620587826,-0.08906754585430025
1691528152899245000,0.1502451171875,-0.009102174866199493,-0.009372808501124381,-0.0013470306947827339
1691528152909295000,0.160295166015625,-0.006677578067779541,-0.11038345173597335,0.09336305109113455
1691528152919345200,0.17034521484375,0.04390796917900443,-0.11121814899444579,0.06154211780801415
1691528152929395000,0.18039501953125,0.09667305242195724,-0.0338239436686039,0.041450346893817186
1691528152939445000,0.190445068359375,0.10260215020999312,-0.022170915275812147,0.026014585091918705
1691528152949495000,0.2004951171875,-0.023391543111950158,-0.015353051954507826,0.004557371043413877
1691528152959545000,0.210545166015625,-0.08212547163143753,0.010499766704440116,0.027960458462685345
1691528152969595000,0.220594970703125,-0.02996273819580674,0.018387305083870886,0.014310411033779382
1691528152979645000,0.23064501953125,0.027451632157713172,0.0018763152658939361,-0.03762728147432208
1691528152989695000,0.240695068359375,0.0391558062158525,-0.010320903006196022,-0.08469006142243743
1691528152999745000,0.2507451171875,0.024376900887489318,-0.03481412374973297,-0.06913958719968795
1691528153009795000,0.260795166015625,-0.0117640875518322,-0.03380699253380298,-0.054986850945651526
1691528153019845000,0.27084521484375,0.039967268729209894,-0.014991817426681518,-0.03393529508858919
1691528153029895200,0.280895263671875,0.10291560007333755,-0.01962882957756519,-0.02737316009402275
1691528153039945200,0.2909453125,0.08165756185874343,-0.05486088647842407,-0.04893690325692296
1691528153049995300,0.300995361328125,-0.08822071976661681,-0.10058043512403965,-0.072324939237535
1691528153060045000,0.311045166015625,-0.18143807877674697,-0.09984802919626236,-0.052003889612108466
1691528153070095000,0.32109521484375,-0.11307342147231102,-0.08813187243938446,-0.053956046593189234
1691528153080145200,0.331145263671875,-0.05317512534856796,-0.05659457840323448,-0.07259528061151505
1691528153090195200,0.3411953125,-0.0628501316666603,-0.06934767699241638,-0.10042436777949333
1691528153100245000,0.351244873046875,-0.10427519798874854,-0.08643792800307273,-0.11164572675675154
1691528153110295000,0.361294921875,-0.045657150933891534,-0.11378244652450084,-0.11779270507916807
1691528153120345000,0.371344970703125,-0.053286184507608414,-0.07408055073320866,-0.07902209878861903
1691528153130395100,0.38139501953125,-0.09856792625784873,-0.018114333361387253,-0.04312427145540714
1691528153140445000,0.39144482421875,-0.11114201501831411,-0.011427402943372725,-0.041039135744422674
1691528153150494200,0.401494140625,-0.09084507692083715,-0.017768296402692795,0.01070332645252347
1691528153160544300,0.411544189453125,0.004867752166837454,-0.012424012765288352,0.04569572937861085
1691528153170594000,0.421593994140625,0.07928893303126096,0.018194412860274314,0.037056934240460394
1691528153180644000,0.43164404296875,-0.0004186638034880161,0.0130319155305624,-0.008837824841588736
1691528153190694100,0.441694091796875,-0.005493190588802099,0.028932664495706556,0.003846884686499834
1691528153200744200,0.451744140625,-0.001892828009277582,0.04965221191942692,0.020464549749344585
1691528153210794000,0.4617939453125,0.04926102064475417,0.053069911408424375,0.033429537523537875
1691528153220844000,0.471843994140625,0.12225377614125608,0.03793488611876964,0.027255525063723324
1691528153230894000,0.48189404296875,0.12781857066154478,0.029423662883043288,0.00015577508360147476
1691528153240944000,0.491944091796875,0.08219313004016876,0.007381342422962189,-0.00610942279100418
1691528153250994000,0.501993896484375,0.03772138949856162,-0.0245475812792778,0.01647548011317849
1691528153261044000,0.5120439453125,0.05333659952059388,-0.02294891391098499,0.027381781791895626
1691528153271094000,0.522093994140625,0.08089081526994704,0.027198972570896148,-0.0064621817514300345
1691528153281144000,0.53214404296875,0.033358371983468534,-0.0046510406762361525,-0.028108780892193316
1691528153291193900,0.54219384765625,-0.04250891603603959,-0.14203355849683283,0.004670476029068231
1691528153301244000,0.552243896484375,-0.05538797909244895,-0.1426268482148647,0.022780425476282833
1691528153311294000,0.5622939453125,-0.002445785716921091,-0.028106150543689725,0.004467354672402143
1691528153321344300,0.57234423828125,0.07975202049836516,-0.01163023203909397,-0.04686418863609433
1691528153331394000,0.58239404296875,0.06625906332731246,-0.060814826446771615,-0.059224634645879265
1691528153341444000,0.592444091796875,0.03420622098445892,-0.054173488736152645,-0.03213233731985092
1691528153351494100,0.602494140625,-0.01742006748691201,-0.022333996883034706,-0.07026347666308283
1691528153361544200,0.612544189453125,-0.048536359632015226,0.004018587991595268,-0.058355742856860154
1691528153371594200,0.62259423828125,-0.05407967297285795,-0.011357844838500022,-0.028329584036022423
1691528153381644000,0.63264404296875,-0.07558306425064802,-0.004324292939901352,-0.011736176631599664
1691528153391694000,0.642694091796875,-0.08252747656106948,0.01660509784221649,-0.03786357444822788
1691528153401744100,0.652744140625,-0.08775324838533997,0.0354880774885416,-0.03090995591804385
1691528153411794200,0.662794189453125,-0.07552841145396232,-0.005689151552319526,-0.0068199091479182235
1691528153421844000,0.672843994140625,-0.015365911436080931,-0.03879354877471924,0.007085282085835933
1691528153431894000,0.68289404296875,0.0007807751141488551,-0.05566752668619156,0.0032386896602809427
1691528153441944000,0.692944091796875,0.030607758101075886,-0.0650286447495222,-0.025840689829736946
1691528153451994000,0.702994140625,0.03532382683753967,-0.031276012751460074,-0.029866438214480876
1691528153462044000,0.7130439453125,-0.07329349200874567,-0.05353811344206333,-0.036576749508082866
1691528153472094000,0.723093994140625,-0.08046440655142069,-0.09989245285987854,-0.04933496266379952
1691528153482144000,0.73314404296875,-0.021262714389711616,-0.04467968420386314,-0.031351562205702066
1691528153492194000,0.743194091796875,0.06293868673294782,-0.021353753674030303,-0.03655029989257454
1691528153502244000,0.753244140625,0.07809066315740347,-0.012053425887227057,-0.05239961093142628
1691528153512294100,0.763294189453125,0.06099924310296773,-0.037681203618645666,-0.020512918935716152
1691528153522344200,0.77334423828125,0.02371142271608114,-0.046942952960729596,0.00818579067364335
1691528153532394200,0.783394287109375,0.006170505328476429,-0.03955518079698086,0.021938129433244465
1691528153542444000,0.793444091796875,0.005906009173393249,-0.015307459247112274,0.013517360959947109
1691528153552494000,0.803494140625,0.0188997846506536,0.010445990690588951,0.009288491218537092
1691528153562544000,0.813544189453125,0.023106442560255527,0.032496494457125664,0.018174392985552547
1691528153572594200,0.82359423828125,-0.037241935418546195,0.045783261531591415,0.01999430188909173
1691528153582644000,0.83364404296875,-0.06106266372799873,0.04030219977200031,0.023951368951797485
1691528153592694000,0.843694091796875,-0.02327010868936777,0.019652794975042343,-0.032103841877728696
1691528153602744000,0.853744140625,-0.007017769807577133,0.008231821772456169,-0.10423515823930501
1691528153612794000,0.863794189453125,0.00783610045313835,0.02006897456049919,-0.12717442753911018
1691528153622843100,0.873843017578125,0.03231105488762259,-0.06143032799661159,-0.08876505577638745
1691528153632893200,0.88389306640625,0.04081351029500365,-0.12050444825589657,-0.003917611835151911
1691528153642943200,0.893943115234375,0.03970291870459914,-0.10396832399666309,0.029846126078814265
1691528153652993000,0.903992919921875,0.008741817121207713,-0.13251345047950744,0.004276946666836738
1691528153663043000,0.91404296875,-0.0041748014666140075,-0.0984212112635374,-0.01827493075057864
1691528153673093000,0.924093017578125,0.009711246675252914,-0.02736146965622902,-0.034086686258018015
1691528153683143200,0.93414306640625,0.02073766760230064,0.014971943682432173,-0.039870238095521926
1691528153693193000,0.94419287109375,0.00378887088894844,0.016975100198388098,-0.05103548297137022
1691528153703243000,0.954242919921875,-0.05904343286007643,0.03280512201488018,-0.02353475097492337
1691528153713293000,0.96429296875,-0.04784267827942967,0.04072831622958183,0.034188977588713164
1691528153723343000,0.974343017578125,0.009249182121455668,0.01652443382143974,0.04594502796456217
1691528153733393000,0.984392822265625,0.018759353266656398,-0.023944354689121244,-0.0057120940364897245
1691528153743443000,0.99444287109375,0.0060134150706231595,-0.03021393647789955,-0.012893822234123945
1691528153753493000,1.004492919921875,0.010067805027961731,-0.05171089801490306,-0.029787235498428342
1691528153763543000,1.01454296875,0.054426294453442096,-0.07960662067830562,-0.08984291414096951
1691528153773597200,1.02459716796875,0.05117518370300531,-0.08670154737532139,-0.1203251461662352
1691528153783647200,1.034647216796875,0.029025895737111566,-0.07439502350986003,-0.11159735757037996
1691528153793697300,1.044697265625,-0.03718377549052238,-0.06768003604114055,-0.12310469388216733
1691528153803747000,1.0547470703125,-0.08246990115493535,-0.0974234323978424,-0.10676014667227864
1691528153813797000,1.064797119140625,-0.07086012738198041,-0.09268588248193263,-0.07415726923123002
1691528153823847200,1.07484716796875,-0.058629883623123165,-0.03904606223106384,-0.05210632707327604
1691528153833897500,1.0848974609375,-0.06333674613982439,-0.02142272725701332,-0.016407237182557582
1691528153843947300,1.094947265625,-0.08039894009977579,-0.05772971991300582,0.004693564643710851
1691528153853997300,1.104997314453125,-0.0726516869738698,-0.029318448942899703,0.03052358694896102
1691528153864047400,1.11504736328125,-0.02077390795946121,0.013279168289899826,0.03336334041953087
1691528153874097400,1.125097412109375,0.03693389238268137,0.025273557466268536,0.020538491768389937
1691528153884147200,1.135147216796875,-0.0023031623758375643,0.03399053240716457,0.04500044059082865
1691528153894197200,1.145197265625,-0.03306844912618399,0.0396621483027935,0.03959390537217259
1691528153904247300,1.155247314453125,0.04832578562125563,-0.013494856867194175,0.01498933320865035
1691528153914297300,1.16529736328125,0.09877353183254599,0.008318331012129783,-0.0025553835712373257
1691528153924347100,1.17534716796875,0.11185732368081808,0.07175941430926322,-0.007608575307577848
1691528153934397200,1.185397216796875,0.09996697940081357,0.12145604989230632,-0.011269289772212504
1691528153944447200,1.195447265625,0.08712751770243048,0.14387889410257337,0.0017724165000021456
1691528153954497300,1.205497314453125,0.11736951123103499,0.07558043390214443,-0.020849457413703202
1691528153964547300,1.21554736328125,0.05923047986477613,-0.028545711004734037,-0.016490093160420657
1691528153974596400,1.225596435546875,0.0026478841602802275,-0.06776771432459354,0.007105740351974964
1691528153984646400,1.235646484375,0.02182911610081792,-0.09196750507950782,0.01063157639056444
1691528153994696400,1.245696533203125,0.05458016984090209,-0.09877250891923904,0.006134411101788282
1691528154004746200,1.255746337890625,0.02417027239948511,-0.09911036257147789,-0.022194442281872034
1691528154014796300,1.26579638671875,-0.025190555357933044,-0.1125298161149025,-0.06846387989521026
1691528154024846300,1.275846435546875,-0.04061506511345506,-0.11837328144609928,-0.07809840807244181
1691528154034896400,1.285896484375,-0.09181801360622048,-0.08196224389374256,-0.05330941925272345
1691528154044946200,1.2959462890625,-0.10550503204464912,-0.039758009892702104,-0.04827683191299438
1691528154054996200,1.305996337890625,-0.11623685393929481,-0.022190204498171804,-0.05095189634114503
1691528154065046300,1.31604638671875,-0.09647066171765327,-0.0021007716715335844,-0.03873977276086807
1691528154075096300,1.326096435546875,-0.04508066622018814,-0.0007084405303001403,-0.0216588741004467
1691528154085146000,1.33614599609375,-0.013828326605260371,-0.009134323570132255,-0.005169073200970888
1691528154095196200,1.346196044921875,-0.03432517118901014,-0.017165069812536238,-0.008976941051334142
1691528154105246200,1.35624609375,-0.040382279270887375,-0.015986673682928085,-0.009257365427911281
1691528154115296300,1.366296142578125,0.037244273506104944,0.00020458266139030456,0.011566519153118134
1691528154125346300,1.37634619140625,0.06858750627487897,0.02038052472770214,0.009784896433353424
1691528154135396400,1.386396240234375,0.03835267313942313,0.026918402063846585,-0.01228621172979474
1691528154145446400,1.3964462890625,-0.008015256412327289,-0.01755494591295719,-0.05071238849684596
1691528154155496400,1.406496337890625,-0.02647299638390541,-0.05408756401836872,-0.06866524768620728
1691528154165546200,1.416546142578125,-0.013186521570384501,-0.05675532192289829,-0.08494082131311297
1691528154175596300,1.42659619140625,-0.006780161659419536,-0.05129705651700496,-0.0758184804417193
1691528154185646300,1.436646240234375,0.024782559078931808,-0.0802963565081358,-0.04004442561864853
1691528154195696400,1.4466962890625,0.012354454660415648,-0.07808511019945144,-0.04715133501440286
1691528154205746200,1.45674609375,0.03423340125232935,-0.04827098669409752,-0.04783741758242249
1691528154215796200,1.466796142578125,0.043890871913731096,-0.009514847320318221,-0.030217882000654932
1691528154225846300,1.47684619140625,0.04341594787836075,0.0007639701098203659,0.00009176993668079376
1691528154235896300,1.486896240234375,0.019003829547017813,-0.026627894684672353,0.013431582372635602
1691528154245946000,1.496946044921875,-0.030422026270627973,-0.02037877116203308,0.02402998714596033
1691528154255996200,1.50699609375,-0.028938655845075843,0.02208849768936634,0.023709230758994816
1691528154266045400,1.51704541015625,-0.008586334298551082,0.015131518158316612,0.008332213407009839
1691528154276095500,1.527095458984375,-0.010597527990490197,-0.008107903131842613,-0.007504238150268793
1691528154286145300,1.537145263671875,0.010869769060611724,-0.004338321465253829,0.008164601755142211
1691528154296195300,1.5471953125,0.06739332805424929,0.04177694849967956,0.03263400323167443
1691528154306245400,1.557245361328125,0.08992986177206039,0.0575087706387043,0.002828501424193382
1691528154316295400,1.56729541015625,0.060387248684465884,0.013735679885745047,-0.05113207521364092
1691528154326345200,1.57734521484375,0.027741262754052875,-0.046512160328030586,-0.07956964966878294
1691528154336395300,1.587395263671875,-0.0017749007180333136,-0.013158172258734703,-0.04837912324368954
1691528154346445300,1.5974453125,0.018148235630989072,-0.02809679819345474,0.005120704014599323
1691528154356495400,1.607495361328125,0.031575872480869294,-0.054283963373303414,0.04380348589122295
1691528154366545200,1.617545166015625,-0.029099983886629342,-0.03869710266292095,0.056702276561409234
1691528154376595200,1.62759521484375,-0.061007718670368194,-0.06622165392637253,0.06781038442254066
1691528154386645200,1.637645263671875,-0.040259675804525615,-0.04639584047198295,0.049172757839411496
1691528154396695300,1.6476953125,-0.051487172261625525,0.003991115462779998,-0.004521422947198152
1691528154406745000,1.6577451171875,-0.02453355275392532,-0.0012403554499149322,-0.02622194423228502
1691528154416795100,1.667795166015625,-0.019174802199751137,0.002362052956223488,-0.04289879213646054
1691528154426845400,1.677845458984375,-0.02283858540430665,0.02286006658375263,-0.05598594498559832
1691528154436895500,1.6878955078125,-0.02603022105246782,0.015963877329230308,-0.06925181540250777
1691528154446945300,1.6979453125,0.028635288984328506,-0.029174072036147115,-0.09755962599813937
1691528154456995300,1.707995361328125,0.07101108015999198,-0.06190729785859585,-0.109323859680444
1691528154467045400,1.71804541015625,0.03895253872871399,-0.07940028445124625,-0.08367898468375205
1691528154477095400,1.728095458984375,0.014292729246616363,-0.10615735847353934,-0.045455637012422084
1691528154487145200,1.738145263671875,0.05329933625012636,-0.09637070847451687,-0.03906286723539233
1691528154497195300,1.7481953125,0.02664952199459076,-0.08799684788286685,-0.08539397190809249
1691528154507245300,1.758245361328125,0.0076354633145034306,-0.1054582702934742,-0.10731734216362238
1691528154517295400,1.76829541015625,-0.025334640003740787,-0.08664894040524959,-0.09889891177788376
1691528154527344000,1.77834423828125,-0.11164850323572754,-0.07909691759049892,-0.07076908809766173
1691528154537394200,1.788394287109375,-0.12821399971991776,-0.0808802938759327,-0.04374927148595452
1691528154547444200,1.7984443359375,-0.09249372091069817,-0.027660160341858864,-0.007491670929640531
1691528154557494300,1.808494384765625,-0.018318623761832714,0.00828968943953514,0.0012478081040084362
1691528154567544300,1.81854443359375,-0.04128828819990158,0.0010158990442752838,0.007927578128874301
1691528154577594400,1.828594482421875,-0.04628215096443891,-0.0005161328285932541,0.03303060133382678
1691528154587644400,1.83864453125,-0.03878419642448425,0.05775193174481392,0.06313391704410314
1691528154597694500,1.848694580078125,0.021204116070270538,0.07567103479504585,0.0477726817831397
1691528154607744300,1.858744140625,0.05425298371315002,0.06060615213215351,0.03364624901413917
1691528154617794300,1.868794189453125,0.07058920148611068,0.03645312312841415,0.02848842785954475
1691528154627844400,1.87884423828125,0.09089549193382263,0.03706687111258507,0.03496639170199632
1691528154637894400,1.888894287109375,0.11251578758955001,0.06264847161471844,0.03650251522809267
1691528154647944200,1.898944091796875,0.1512273571692407,0.04093523697853088,0.016689122863858936
1691528154657994200,1.908994140625,0.14207476729005575,0.009333061012625694,0.008982786270231007
1691528154668044300,1.919044189453125,0.11023717513307929,0.022539748588204383,-0.025449936946481466
1691528154678094300,1.92909423828125,0.12285232655629515,0.023355741146206855,-0.020676731195300817
1691528154688144100,1.93914404296875,0.10880962654799223,0.007810966011881828,-0.009875643456727265
1691528154698194200,1.949194091796875,0.0953049789391458,-0.0002846621602773666,-0.011074497852474451
1691528154708244200,1.959244140625,0.0483937362909317,-0.07003624377846718,-0.019285130706429482
1691528154718294300,1.969294189453125,0.005445259793847799,-0.13135668165981768,-0.0029154490552842616
1691528154728344300,1.97934423828125,-0.02499137952402234,-0.1227028350830078,-0.00834112736582756
1691528154738394400,1.989394287109375,-0.04577595500797033,-0.09209376180768013,-0.06264306478723883
1691528154748443400,1.999443359375,-0.05855944873541593,-0.07501227862536906,-0.08354469077959656
1691528154758493200,2.0094931640625,-0.059876376552879806,-0.05788987891077995,-0.08189224739745259
1691528154768543500,2.01954345703125,-0.09513239885121583,-0.03551555001735687,-0.07321209733560681
1691528154778593300,2.02959326171875,-0.11362404109239578,-0.041428573453426355,-0.05701835677325725
1691528154788643300,2.039643310546875,-0.10315174691677093,-0.035379356417059894,-0.021976269486546515
1691528154798693400,2.049693359375,-0.06905424700379371,-0.007140519404411316,-0.00933101518601179
1691528154808743400,2.059743408203125,-0.08363222293257713,-0.007416413736343383,-0.03715425713509321
1691528154818793200,2.069793212890625,-0.1070002390384674,-0.032865327769517894,-0.06390431689471006
1691528154828843300,2.07984326171875,-0.09688581838980316,-0.030374095475673674,-0.06913739524260162
1691528154838893300,2.089893310546875,-0.07144844866394996,-0.019298574709892272,-0.07889116588532924
1691528154848943400,2.099943359375,-0.03693506142646074,-0.041558921834826464,-0.08340615909174084
1691528154858993400,2.109993408203125,-0.00499795441776514,-0.04395078540742397,-0.07350713475942611
1691528154869043500,2.12004345703125,0.025043255841732025,-0.03948270008265972,-0.038652386738359926
1691528154879093500,2.130093505859375,0.02191723277568817,-0.028618191719055174,-0.02437894671410322
1691528154889143600,2.1401435546875,0.010067512767016886,-0.02023497877717018,0.008696662805229426
1691528154899193300,2.150193359375,0.03428600822240114,-0.022989830443263054,0.026215952882915734
1691528154909243400,2.160243408203125,0.08358575344234705,-0.03545651330649852,0.02951616347208619
1691528154919293400,2.17029345703125,0.06713000094294548,-0.02986614595353603,-0.007622165441513061
1691528154929343500,2.180343505859375,0.043754970574378965,0.0008732757031917572,-0.0035343116059899328
1691528154939393500,2.1903935546875,0.010304974784702062,-0.010893734458088875,0.00047770051434636114
1691528154949442300,2.2004423828125,0.009131400960683822,-0.033821021059155465,-0.004555179086327552
1691528154959492400,2.210492431640625,-0.031902035695314405,-0.005313888499140739,-0.0029331308424472807
1691528154969542400,2.22054248046875,-0.016189064387232065,0.010140870264172553,0.002440817280858755
1691528154979592400,2.230592529296875,0.07187734160050749,0.012951836031675337,0.03592924538478255
1691528154989642500,2.240642578125,0.1138261395357549,0.04503390446901321,0.06882233794406056
1691528154999692500,2.250692626953125,0.08380407236814498,0.05006546889543533,0.06488339105993508
1691528155009742600,2.26074267578125,0.03307809373736381,0.060842883497476574,0.042371991783380504
1691528155019792400,2.27079248046875,-0.02386047579795122,0.04384147981405258,-0.005122603710740805
1691528155029842400,2.280842529296875,-0.025375556536018848,0.01765256106853485,-0.06025003217086196
1691528155039892500,2.290892578125,0.01942629274278879,-0.01875613839626312,-0.088512250059098
1691528155049942500,2.300942626953125,0.07508169059976935,-0.05581599524617195,-0.06682648795172572
1691528155059992300,2.310992431640625,0.11622516350150108,-0.09594809914827346,-0.009514847320318221
1691528155070042400,2.32104248046875,0.07555617624372243,-0.10250117405354976,0.02673062440678477
1691528155080092400,2.331092529296875,0.004153320287168026,-0.05757072995901107,0.02716112477853894
1691528155090142500,2.341142578125,-0.04414075502157211,0.003558569264411926,0.017025369080901145
1691528155100192300,2.351192138671875,-0.040103754590451714,-0.0025192893445491788,0.041096126628667115
1691528155110242300,2.3612421875,-0.004423661661148071,-0.004164133942127227,0.024593466247618198
1691528155120292400,2.371292236328125,0.010714286237955093,0.02489478728175163,-0.019218202950060367
1691528155130342400,2.38134228515625,-0.04596329427361488,0.03574994329512119,-0.06061345865577459
1691528155140391400,2.391391357421875,-0.0652338119328022,-0.00880816035568714,-0.07196808862388133
1691528155150441500,2.40144140625,-0.04839139820337295,-0.019902385821938512,-0.07460369782447815
1691528155160491500,2.411491455078125,-0.010530746364593505,-0.012421674677729606,-0.09105535867065191
1691528155170541300,2.421541259765625,0.010028057539463042,-0.06237666893601417,-0.0796834853067994
1691528155180591400,2.43159130859375,-0.033798370835930104,-0.13465747677087783,-0.04315364368036389
1691528155190641400,2.441641357421875,-0.04008738797754049,-0.16266367407143115,-0.01703808243200183
1691528155200691500,2.45169140625,0.028780542673915624,-0.11625380507409572,-0.03947904682084918
1691528155210741500,2.461741455078125,0.059200376987457275,-0.05030979904532432,-0.07442191151678562
1691528155220791300,2.471791259765625,0.031182927640527484,-0.045431963875889776,-0.09171864488497376
1691528155230841300,2.48184130859375,0.040382279270887375,-0.0829489168435335,-0.07061521271020174
1691528155240891400,2.491891357421875,0.034934389128535984,-0.07294424017965793,-0.05326411880627274
1691528155250941400,2.50194140625,0.001580693320184946,-0.006533785682916641,-0.01931801006272435
1691528155260991200,2.5119912109375,-0.03935337461456656,-0.006282441270351409,0.009847878666967153
1691528155271041300,2.522041259765625,-0.04293196375370025,0.00229834007024765,0.03101005529165268
1691528155281091300,2.53209130859375,-0.03946574894785881,0.036735447201132775,0.019043138644099233
1691528155291141600,2.5421416015625,-0.054383770485967396,0.0448819287776947,0.014629559985548256
1691528155301191400,2.55219140625,-0.0029613340236246586,0.02140752968788147,0.01410699741616845
1691528155311241500,2.562241455078125,0.03898746391162276,0.03507891216576099,0.017108225058764217
1691528155321290500,2.57229052734375,0.07438610955104231,0.04552490285634994,0.00047243981733918186
1691528155331340300,2.58234033203125,0.020500205584615468,0.030506197422742843,-0.02544321494475007
1691528155341390300,2.592390380859375,-0.027536826223134993,0.02556406484544277,0.0023240590333938596
1691528155351440400,2.6024404296875,-0.03515782262086868,0.026833061867952344,0.020994564972817896
1691528155361490400,2.612490478515625,0.0003660568334162235,0.03926175080835819,0.002614712543040514
1691528155371540200,2.622540283203125,0.04718026884794235,0.00016658873856067658,-0.0017190788775682448
1691528155381590300,2.63259033203125,0.07135492516160011,-0.05191664972007274,-0.010830021572113036
1691528155391640300,2.642640380859375,0.0751731682755053,-0.04724515077769756,-0.033290421313792465
1691528155401690400,2.6526904296875,0.07044190196990967,-0.048158173969388006,-0.07280716979652643
1691528155411740400,2.662740478515625,0.042560207831859584,-0.019800094491243363,-0.06484393583238124
1691528155421790500,2.67279052734375,0.06068053254261613,-0.00006897358298301697,-0.04275850688293576
1691528155431840500,2.682840576171875,0.03143719466254115,-0.041999066817760465,-0.03901800518035888
1691528155441890600,2.692890625,-0.022276275346428155,-0.1015408045887947,-0.007875409550219774
1691528155451940400,2.7029404296875,0.009962591087818145,-0.07594809817075729,0.04702303245961666
1691528155461990400,2.712990478515625,0.05190919706597924,-0.06669160952568054,0.02816416434124112
1691528155472040400,2.72304052734375,0.004448357710987329,-0.05486906978487968,-0.03846607038602233
1691528155482089500,2.73308935546875,-0.07226546413525939,-0.0643494303137064,-0.08434548576846718
1691528155492139300,2.74313916015625,0.02689502118825912,-0.052986909300088876,0.01843552813977003
1691528155502189300,2.753189208984375,-0.007445493700355291,-0.019110943183302878,-0.05101955474987626
1691528155512239400,2.7632392578125,-0.02502791214212775,-0.008781272348761558,-0.09062441990748048
1691528155522289400,2.773289306640625,-0.11295081800594925,0.04265665394365787,-0.11093567879125475
1691528155532339500,2.78333935546875,-0.08476984866037965,0.051530865272879596,-0.08187325043603777
1691528155542389500,2.793389404296875,-0.06629647272825241,0.013778349983692168,-0.01637684204429388
1691528155552439600,2.803439453125,-0.010350713622570036,0.012878186273574828,-0.028951369196176528
1691528155562489600,2.813489501953125,-0.0026936229981482027,0.001516249781847,-0.016457359934598206
1691528155572539400,2.823539306640625,-0.025917700588703154,-0.06378595121204853,-0.01049655183404684
1691528155582589400,2.83358935546875,0.003045359045267105,-0.09280454042553901,-0.024027941319346425
1691528155592639500,2.843639404296875,0.04682356436476111,-0.08294190258085728,-0.0339380715675652
1691528155602689500,2.853689453125,0.024347674793004988,-0.08472527886629104,-0.07465981192588805
1691528155612739300,2.8637392578125,-0.030451398495584724,-0.06985504199266433,-0.06871449365541339
1691528155622789400,2.873789306640625,-0.02543620068207383,-0.04373568135201931,-0.06596577946916223
1691528155632839400,2.88383935546875,0.03278466374874115,-0.034033787027001376,-0.032652269540727134
1691528155642888200,2.89388818359375,0.07894903355240822,-0.022333412361145017,0.0007888122901320457
1691528155652938200,2.903938232421875,0.14435790979117155,0.027706337571144102,-0.01254091714322567
1691528155662988500,2.913988525390625,0.09813888719081879,0.039863808354735374,0.010609364558756352
1691528155673038600,2.92403857421875,0.08894888791069387,0.0015279402196407318,-0.017643939370661974
1691528155683088400,2.93408837890625,0.06367416140064597,-0.0058329439371824264,-0.01361073833182454
1691528155693138400,2.944138427734375,0.14855039304494858,-0.02326397120952606,0.012274375161528586
1691528155703188500,2.9541884765625,0.06634761839359998,-0.004356441643834114,0.04545797509998083
1691528155713238500,2.964238525390625,0.010777414602041244,0.0013964227944612503,0.05756809961050748
1691528155723288300,2.974288330078125,0.007406622994691133,0.015357143607735633,0.07649521065950393
1691528155733338400,2.98433837890625,0.022698007889837026,0.009688450321555138,0.010178133534640072
1691528155743388400,2.994388427734375,-0.008286182308197021,0.02470306410193443,-0.037464345997571945
1691528155753438500,3.0044384765625,0.0031388825476169582,0.01614800172448158,-0.06390168654620647
1691528155763488300,3.01448828125,-0.0006266074657440185,0.008855506628751755,-0.02451630935817957
1691528155773534500,3.024534423828125,0.03110693979486823,0.00208440505862236,0.011462035865336655
1691528155783583700,3.034583740234375,0.05533186499103904,-0.013705869269371031,0.016967647544294594
1691528155793633500,3.044633544921875,-0.03671645023971796,-0.03209668148458004,0.01699760429114103
1691528155803683600,3.05468359375,-0.06140548581629991,-0.03783259478807449,-0.0006312836408615112
1691528155813733600,3.064733642578125,-0.03013940993696451,0.010063128852844237,0.004764145661890507
1691528155823783700,3.07478369140625,-0.041013709042221305,0.025415596285462378,0.01732332911416888
1691528155833833500,3.08483349609375,0.017650076850503682,0.02235387062728405,0.02877849684730172
1691528155843883500,3.094883544921875,-0.02196516357064247,-0.024523031359910963,-0.015181494779884815
1691528155853933600,3.10493359375,-0.04369520321115851,-0.021329788276553154,-0.027266046457737683
1691528155863983600,3.114983642578125,-0.06348711439594626,-0.0484983657091856,-0.04340586487576365
1691528155874033400,3.125033447265625,-0.04818433132395148,-0.11158405969738959,-0.07657368272319436
1691528155884083500,3.13508349609375,-0.006508212850242853,-0.09390168801248074,-0.08710501360967755
1691528155894133500,3.145133544921875,0.004123217409849167,-0.05541676679551601,-0.10846826576441526
1691528155904183600,3.15518359375,0.003775865276902914,-0.09039923284947872,-0.10863412385061383
1691528155914233300,3.1652333984375,-0.009939356342703104,-0.05158522580862045,-0.08544175657257437
1691528155924283400,3.175283447265625,0.054367550003528595,-0.060758712345361704,-0.058870414380729194
1691528155934332700,3.185332763671875,0.13791107173934578,-0.024563947892189023,-0.013986001385003327
1691528155944382500,3.195382568359375,0.1453039584696293,-0.028611177456378936,-0.01850391720086336
1691528155954432500,3.2054326171875,0.05113397490978241,-0.05410276158750057,-0.049042263327538964
1691528155964482600,3.215482666015625,0.0016143033288419245,-0.06651800652444362,-0.06371741602048278
1691528155974532600,3.22553271484375,-0.11119140711799264,-0.1213742168277502,-0.05080094356313348
1691528155984582400,3.23558251953125,-0.2044249866105616,-0.13834113371968268,-0.037502486050873994
1691528155994632400,3.245632568359375,-0.12897460882887243,-0.04061316541731357,-0.046901305776089426
1691528156004682500,3.2556826171875,-0.02388970189243555,0.00826397047638893,-0.044193361991643906
1691528156014732500,3.265732666015625,-0.017137012761831282,0.014354104045033454,-0.04651800554692745
1691528156024782300,3.2757822265625,-0.03618658114671707,0.023959552258253095,-0.018685411247611045
1691528156034832400,3.285832275390625,-0.046799160575866694,0.03787935653924942,-0.009569207856059074
1691528156044882400,3.29588232421875,-0.016128127980232238,0.06193301682174206,-0.0036906712114810943
1691528156054932500,3.305932373046875,0.008237228599935769,0.06097030926942825,0.029759616839140652
1691528156064982500,3.315982421875,-0.01570040408745408,0.011365443623065947,0.04875044077411294
1691528156075031600,3.326031494140625,0.01668693090677261,0.0005716624081134796,0.03728606682121754
1691528156085081600,3.33608154296875,-0.010046908370405436,-0.013171616262197493,0.015021481912583111
1691528156095131600,3.346131591796875,0.05470993370041251,-0.03288929316699505,-0.00691182521507144
1691528156105181400,3.356181396484375,0.08475099782943725,-0.029663316857814787,-0.03752396723031998
1691528156115231500,3.3662314453125,0.037722558542340995,-0.021995558708906172,-0.025458704774826764
1691528156125281500,3.376281494140625,0.09603329321369528,-0.05251695370078086,-0.021526918283849953
1691528156135331600,3.38633154296875,0.12859466960057617,-0.041543724265694616,-0.01891205961033702
1691528156145381400,3.39638134765625,0.1216787527322769,-0.017992752808332443,-0.0031458968102931976
1691528156155431400,3.406431396484375,0.055010524082183834,-0.03126724492311477,-0.0030523733079433437
1691528156165481500,3.4164814453125,0.022586071947962045,-0.06200725110173225,0.02192439316883683
1691528156175531500,3.426531494140625,0.04144727815389633,-0.06471417197287083,0.020509119543433187
1691528156185581600,3.43658154296875,0.005681406637281179,-0.029689620342850682,0.006514642591029405
1691528156195631600,3.446631591796875,-0.0737223849453032,-0.02622106744945049,-0.011547083800286054
1691528156205680600,3.4566806640625,-0.04842062429785728,-0.06509528024494647,-0.00279635272026062
1691528156215730400,3.46673046875,-0.015156652599573134,-0.04855447981059551,-0.048598318952322
1691528156225780500,3.476780517578125,-0.02875380079746246,0.013161679390072822,-0.05567074155658483
1691528156235830500,3.48683056640625,-0.00042319384813308713,0.0439537080168724,-0.03502192128151655
1691528156245880600,3.496880615234375,-0.019219225863367318,0.03717617670595646,-0.052731034842878576
1691528156255930400,3.506930419921875,-0.05909180204644799,0.03425824343264103,-0.07034647877141832
1691528156265980400,3.51698046875,-0.05858429091572761,0.02173603098988533,-0.041570320011675356
1691528156276030500,3.527030517578125,-0.04093056080341339,-0.02610708568096161,-0.024248013810813426
1691528156286080500,3.53708056640625,-0.05346519433632493,-0.05351882421970367,-0.02482829791679978
1691528156296130300,3.54713037109375,-0.0017488894939422606,-0.046482349711656566,-0.02466565470099449
1691528156306180400,3.557180419921875,0.07272869773283601,-0.05483692108094692,-0.0429701038070023
1691528156316230700,3.567230712890625,0.052362639921903605,-0.037761283117532726,-0.029460780023038386
1691528156326280700,3.57728076171875,0.037734395110607145,-0.03196516405940056,-0.009334814578294753
1691528156336329500,3.58732958984375,0.023552578892558813,-0.05552256525754928,-0.0057945116229355335
1691528156346379500,3.597379638671875,0.03100757107362151,-0.05756196213066578,0.012250555894523858
1691528156356429600,3.6074296875,0.018553893822431562,-0.040865094351768494,-0.014535890352725981
1691528156366479600,3.617479736328125,0.001743044275045395,-0.05885317098498344,-0.03671118954271078
1691528156376529400,3.627529296875,-0.04354351978078484,-0.08709200799763202,-0.03754690971449017
1691528156386579500,3.637579345703125,-0.043578591094166036,-0.04673135603666305,-0.019909546215087174
1691528156396629500,3.64762939453125,0.04053527787551284,-0.007191957330703735,-0.022293518742173907
1691528156406679600,3.657679443359375,0.07639584193825721,0.006156769064068794,-0.040640345685184
1691528156416729300,3.667729248046875,0.05553557086959481,0.014637597161531447,-0.03741013159230351
1691528156426779400,3.677779296875,0.010828852528333663,0.017960019582509992,0.005297814147174358
1691528156436829400,3.687829345703125,-0.05357479219064116,-0.008635726398229598,0.0027403847493231294
1691528156446879700,3.697879638671875,-0.05189852954149246,-0.019592004698514937,-0.05735504138171672
1691528156456928500,3.707928466796875,0.00016600421667099,0.001600420933961868,-0.07747223899811506
1691528156466978600,3.717978515625,0.001864770958572626,-0.0003261632144451141,-0.0907515534184873
1691528156477028600,3.728028564453125,-0.07060556809902191,-0.05133855757117271,-0.06345511182248592
1691528156487078400,3.738078369140625,-0.0682953914605081,-0.07186579729318618,-0.006358575246483087
1691528156497128400,3.74812841796875,-0.04768865676149726,-0.0673597180455923,0.020890958467870948
1691528156507178500,3.758178466796875,-0.041026422393321986,-0.04486848477423191,0.03068710694760084
1691528156517228500,3.768228515625,-0.028175124126672745,-0.0029565117180347443,0.05195172103345394
1691528156527278300,3.7782783203125,0.009389905766397715,-0.022929040166735647,0.08743030004128813
1691528156537328400,3.788328369140625,0.011186579924821853,-0.01870703855752945,0.08494652040153741
1691528156547378400,3.79837841796875,0.04064516799077392,0.039513679742813106,0.05777282840237021
1691528156557428500,3.808428466796875,0.09200696030706167,0.05641629922688007,0.037441257382929326
1691528156567478500,3.818478515625,0.1262577510856092,0.02570318105518818,0.01496098389700055
1691528156577527600,3.828527587890625,0.12148235337734221,-0.0018576105654239655,-0.01811491788327694
1691528156587577600,3.83857763671875,0.17010989842414856,-0.0038759646505117412,-0.04219312808513641
1691528156597627600,3.848627685546875,0.18537161883339284,0.010184124884009362,-0.04329918963089585
1691528156607677400,3.858677490234375,0.0994398867867887,-0.03963350673019886,-0.06950009107515215
1691528156617727500,3.8687275390625,-0.023251257858425377,-0.08626198691427707,-0.08746537135466932
1691528156627777500,3.878777587890625,-0.056168169684708114,-0.10603986957371234,-0.08303250347375869
1691528156637827600,3.88882763671875,-0.04309577601328492,-0.11387713907063007,-0.06733209938630462
1691528156647877400,3.89887744140625,-0.05027852712422609,-0.11133739145994186,-0.11112491775304079
1691528156657927400,3.908927490234375,-0.09661109310165047,-0.0796072052001953,-0.12400325015708803
1691528156667977500,3.9189775390625,-0.1314743166901171,-0.06869359699785708,-0.10317001322582363
1691528156678027500,3.929027587890625,-0.13232318860441444,-0.07165770750045776,-0.07839753714948892
1691528156688077600,3.93907763671875,-0.0893945858515799,-0.04498071297705173,-0.021202508635073898
1691528156698126600,3.949126708984375,-0.0988802070774138,-0.027097850283980367,-0.01192760755047202
1691528156708176600,3.9591767578125,-0.09751944011822342,-0.0035001170754432676,-0.02711757789775729
1691528156718226400,3.969226318359375,-0.08807108216285706,-0.030717794346809386,-0.04122252948731184
1691528156728276500,3.9792763671875,-0.0460289068557322,-0.025992519390583037,-0.04020940692201257
1691528156738326500,3.989326416015625,-0.03546761922240257,0.005005845463275909,-0.059250938130915164
1691528156748376600,3.99937646484375,-0.003238251268863678,0.005403320348262786,-0.07216478023976088
1691528156758426400,4.00942626953125,0.062036623326689,0.013175123393535612,-0.029755232924968
1691528156768477700,4.019477783203125,0.1389852768421173,0.022674773144721983,0.0384226696357131
1691528156778527700,4.02952783203125,0.12277049349173903,0.020755787780880927,0.034018443327397105
1691528156788577500,4.03957763671875,0.09061974373236298,0.02320902615189552,0.015569178923219441
